,avstånd till framförvarande fordon (sek),avstånd till fordon i närliggande fil,vinkel mellan last bil och släp,hastighet,avvikelse från mitten av filen,acceleration i sidled,acc
0,8.004545454545456,6.5,0.0,15.277777777777777,0.0,1.0250117668157531e-10,0.4905000099169647
1,7.90315645523299,6.499999999817671,1.1896043019394746e-10,15.375877779761167,1.8232837462051066e-10,8.906330226713959e-11,0.49050000990328096
2,7.801785064606818,6.49999999961114,1.493408733459619e-11,15.473977781741821,3.8885961117784973e-10,6.383021103369156e-12,0.4905000098859082
3,7.70043095001837,6.499999999576422,7.43127449922633e-12,15.572077783719001,4.235776174255079e-10,5.296657993319896e-12,0.49050000986338826
4,7.599093787142256,6.499999999562993,1.1660633221213332e-12,15.670177785691676,4.3700731922058367e-10,7.37346970534683e-13,0.49050000983346237
5,7.497773259717776,6.499999999560706,2.884069601970427e-13,15.768277787658368,4.3929393456210164e-10,2.112016607130157e-13,0.4905000097924784
6,7.396469059300031,6.499999999560194,3.544696677054914e-14,15.86637778961686,4.398064135102686e-10,2.3403095588436414e-14,0.49050000973421176
7,7.295180885020319,6.499999999560126,7.24281644487784e-15,15.9644777915637,4.3987435915937567e-10,3.0464028355788352e-15,0.490500009647329
8,7.1939084433554905,6.499999999560108,3.54882617913153e-15,16.062577793493166,4.398916786385598e-10,9.0392717501325e-16,0.49050000950934847
9,7.092651447906236,6.4999999995600986,2.446032517571934e-15,16.160677795395035,4.399014486011765e-10,4.779112923425479e-16,0.49050000927018006
10,6.991409619184728,6.4999999995600914,1.859429338157661e-15,16.25877779724907,4.3990855402853413e-10,1.5960932717693305e-16,0.49050000879777
11,6.890182684414435,6.499999999560086,1.6623342585890692e-15,16.35687779900862,4.3991388309905233e-10,4.8195784825331635e-16,0.49050000763518614
12,6.788970377356981,6.499999999560082,1.0636039375406571e-15,16.454977800535662,4.3991832399115083e-10,4.6324269498381015e-17,0.4905000030282958
13,6.687772438305367,6.499999999560078,1.0057117540733003e-15,16.553077801141317,4.3992187670482963e-10,6.74823348193653e-16,0.43140566272520225
14,6.591338069342481,6.499999999560076,4.149690039837535e-17,16.639358933686356,4.3992365306166903e-10,9.102185299659348e-17,0.10371308929692237
15,6.520810197684278,6.4999999995600755,5.842217679832175e-16,16.66010155154574,4.3992454124008873e-10,2.9622715558098156e-18,0.024932123408890106
16,6.456401995666571,6.499999999560074,5.106910763464333e-16,16.665087976227515,4.3992631759692813e-10,5.116997831225995e-18,0.005989382375728617
17,6.393448242381432,6.499999999560073,1.8139831117857506e-17,16.66628585270266,4.3992720577534783e-10,4.647845821470534e-19,0.0014248521398131655
18,6.330841390884351,6.499999999560073,1.8378274189978396e-16,16.66657082313063,4.3992720577534783e-10,1.596285379672542e-19,0.00028715568533625366
19,6.268320201119376,6.499999999560073,1.603298266351337e-16,16.666628254267696,4.3992720577534783e-10,4.243731496417127e-20,4.722532810710492e-05
20,6.205816907412468,6.499999999560073,3.9593449294117765e-16,16.66663769933331,4.399276498645577e-10,1.6717858163655586e-14,-3.675499248682724e-05
21,6.143319861949188,6.499999999090804,2.81561471230888e-10,16.66663034833481,9.091958297346991e-10,1.104184510826298e-15,-2.0717771204868858e-06
22,6.080820276107012,6.4999999987021315,4.835715406635357e-11,16.666629933979383,1.2978689234444118e-09,2.3803066622868273e-18,-3.31131302847129e-08
23,6.018320541493522,6.499999998789157,3.859113790760831e-12,16.666629927356755,1.2108425373469345e-09,9.535270386170255e-19,8.895685732200381e-08
24,5.955820797127924,6.499999998790962,2.7762049745998666e-12,16.66662994514812,1.2090377587981038e-09,3.363883601097335e-19,6.777224719476446e-08
25,5.8933210533386315,6.499999998786829,2.963331789965289e-13,16.666629958702575,1.2131708970741784e-09,2.11963211224794e-20,5.536597542449761e-08
26,5.830821309545795,6.4999999987874215,5.934551170398488e-14,16.666629969775773,1.2125784820682384e-09,6.190061762995519e-21,4.284433451675609e-08
27,5.768321565799082,6.4999999987874695,3.008995804975247e-14,16.666629978344634,1.2125300763443647e-09,1.409419840192602e-21,3.2180154838708404e-08
28,5.705821822008699,6.499999998787414,2.9780262676877515e-15,16.66662998478066,1.2125851434063861e-09,2.9355493996458907e-23,2.2674315935440224e-08
29,5.643322078132306,6.499999998787406,2.1766002978787904e-15,16.666629989315528,1.2125935811013733e-09,6.921459714488933e-24,1.3867242836586866e-08
30,5.580822334157844,6.499999998787398,2.485569923580711e-15,16.666629992088975,1.2126011306179407e-09,5.367105173247781e-24,3.737684872056387e-09
31,5.518322590208264,6.499999998787392,1.5966848057864368e-15,16.66662999283651,1.2126077919560885e-09,1.7979223545812946e-14,3.9527355990408866e-05
32,5.455820210601426,6.499999999256664,2.815652274131231e-10,16.6666378983077,7.433360593722682e-10,3.654714946860133e-14,-3.699747207098388e-05
33,5.393322839350213,6.499999999176064,3.2992536516784875e-10,16.666630498813294,8.239355864247955e-10,1.4319584922816423e-15,-2.3674207034232156e-06
34,5.33082324399962,6.499999998700353,4.4498228495883584e-11,16.66663002532916,1.2996466125514416e-09,1.2647993216465068e-17,-2.0678224314370458e-07
35,5.2683235110605535,6.499999998785575,6.6350913775001325e-12,16.666629983972715,1.214425005002795e-09,9.907363219277845e-19,-6.317240323227722e-08
36,5.205823768658433,6.499999998791512,3.0731127210821786e-12,16.666629971338228,1.2084884204455193e-09,9.559052003828265e-19,-1.7877440522189817e-07
37,5.143324033105368,6.499999998786784,2.368087759780021e-13,16.666629935583348,1.2132157500843732e-09,1.8737863661761493e-19,-7.872968367155853e-07
38,5.080824335086442,6.499999998787328,8.947925502696771e-14,16.66662977812398,1.2126717408023069e-09,1.9900829141688575e-18,-1.0506572832820645e-05
39,5.018325234297533,6.49999999878743,2.7772209176409087e-14,16.666627676809416,1.2125696002840414e-09,5.751005846713508e-08,-0.39267279320738435
40,4.979761772036792,6.499999848396965,9.04475607643055e-08,16.588093118167937,1.5160303501460248e-07,2.4488479778802227e-07,-0.7658929798796494
41,4.96468155761815,6.499999873475063,1.0563581902369352e-07,16.434914522192006,1.2652493719400582e-07,1.7075598607269843e-07,-0.83356065407988
42,4.955401291724352,6.500000015505968,1.8775043220709223e-08,16.268202391376025,-1.5505968065099296e-08,3.1629660867895544e-08,-0.8279188319408128
43,4.947645889051104,6.4999999919015,4.191250307763832e-09,16.10261862498786,8.098499648667712e-09,5.3271397099696855e-09,-0.8047669751070922
44,4.9403428760929184,6.499999999020664,2.5207840745732473e-10,15.94166522996644,9.79335279538418e-10,9.020940294270215e-09,-0.7787442144506059
45,4.933270769320959,6.499999988992871,6.5732628078613316e-09,15.78591638707632,1.1007129874229804e-08,6.243628016804507e-09,-0.7522170783856872
46,4.926344528768239,6.499999975948071,1.7298706075886866e-09,15.635472971399182,2.4051929337076672e-08,1.4086114133848344e-08,-0.7261936122630963
47,4.919539663478456,6.499999988013013,9.482267250880655e-09,15.490234248946564,1.1986987846768216e-08,1.2778043391358093e-08,-0.7009743660376863
48,4.912851253998063,6.500000001157577,9.579819984516253e-10,15.35003937573903,-1.1575767011606786e-09,6.708518376355728e-10,-0.6767221548615774
49,4.906286508187003,6.49999999908945,3.9529449980074116e-10,15.214694944766713,9.105503018247418e-10,7.402928917455982e-09,-0.6534042487466326
50,4.899852713579367,6.499999988234134,6.770235536305926e-09,15.084014095017388,1.1765865615132043e-08,0.00855607111431843,0.49050000994475346
51,4.819783826773117,6.485160236783598,0.009806092526979305,15.18211252737215,0.014839763216401902,0.00855607111411372,0.4905000099372019
52,4.739462017459002,6.440251280632321,0.01967669696250625,15.280201480196013,0.05974871936767956,0.008556071113860772,0.49050000992791337
53,4.658895086511611,6.3646789335399525,0.029612801036132688,15.37827130237683,0.13532106646004705,0.008556071109561374,0.49050000976930636
54,4.578090617024955,6.257835845377965,0.039615418785123147,15.476312151841679,0.24216415462203544,0.008556071113139422,0.49050000990159304
55,4.497055978498489,6.119100977657952,0.04968559880264783,15.574313991407841,0.38089902234204764,0.008556071112616661,0.4905000098825548
56,4.415798330969394,5.947839049298419,0.05982442578635912,15.672266584168504,0.5521609507015812,0.008556071111923354,0.4905000098573285
57,4.3343246289173845,5.743399950491828,0.0700330221970721,15.770159488991128,0.7566000495081724,0.008556071110975857,0.49050000982290554
58,4.252641625075738,5.505118122335614,0.08031255000961374,15.867982055677105,0.994881877664386,0.00855607110963376,0.490500009774228
59,4.1707558740979325,5.232311899712919,0.09066421257323438,15.965723419947672,1.2676881002870806,0.008556071107642036,0.49050000970219687
60,4.088673736090338,4.924282814672514,0.10108925658807658,16.06337249821439,1.5757171853274858,0.00855607110449559,0.49050000958907863
61,4.006401380012521,4.580314857313982,0.11158897420656293,16.160917982120644,1.919685142686018,0.008556071099059594,0.49050000939632593
62,3.9239447869467208,4.199673690912667,0.12216470526928115,16.258348332838597,2.3003263090873327,0.00855607103977929,0.4905000073152311
63,3.841309753320435,3.7816058177623253,0.1328178396620557,16.355651774762162,2.7183941822376747,0.008556070960388368,0.49050000492814494
64,3.758501893749699,3.325337691775953,0.1435498198865073,16.452816289951368,3.174662308224047,0.0010550201291557762,0.4905000051593582
65,11.530544516620013,3.6539411888184397,0.14488191399045533,16.549897907684,3.6539411888184397,0.00855606967970232,0.49049992956319144
66,11.401501462509504,4.119901355749486,0.13402095113121837,16.64704504688431,4.119901355749486,0.0017256214227456784,0.09892593406454787
67,11.325696106944234,4.5506231059771,0.12313774304154272,16.666666811821226,4.5506231059771,1.8535728927160505e-09,-1.062610998357303e-07
68,11.263196062235838,4.9447791181201275,0.11226277609112177,16.666666790716146,4.9447791181201275,1.4608631044152372e-09,8.374794445245612e-08
69,11.200695991910859,5.302246593980833,0.10140112624839048,16.666666807370163,5.302246593980833,1.9428401266777956e-09,-1.1137858606693015e-07
70,11.138195947586988,5.623153531473113,0.09055146776385677,16.66666678519707,5.623153531473113,4.9117653686982185e-09,-2.815802877414817e-07
71,11.07569592601994,5.907614330062366,0.07971248781802269,16.666666729085232,5.907614330062366,1.679331438336417e-08,-9.627223497266028e-07
72,11.013195995226571,6.1557299974226325,0.06888288508442797,16.666666537072885,6.1557299974226325,3.7230898693219015e-07,-2.134362369733041e-05
73,10.950698762520641,6.36758830822405,0.0580613695611789,16.66666227696461,6.36758830822405,9.989378315288605e-07,-5.7266823878018044e-05
74,10.888206280854765,6.543263968332967,0.047246662126961006,16.666650839528504,6.543263968332967,1.1849166508609803e-06,6.792856478212716e-05
75,10.825697454685779,6.682818917150353,0.03643748143753428,16.666664413284693,6.682818917150353,1.668448668533397e-07,9.564835088549478e-06
76,10.763196168370353,6.786302193456091,0.02563255345241417,16.666666325321245,6.786302193456091,1.6269857565910537e-08,9.327137703194612e-07
77,10.700695991589818,6.8537500131209335,0.014830617289681266,16.666666511824918,6.8537500131209335,4.5868186070399994e-09,2.629518343296625e-07
78,10.638195900176116,6.885185992754511,0.004030411483361733,16.66666656441269,6.885185992754511,4.260831538143299e-08,-2.4426374913087607e-06
79,10.575696155059081,6.880621136371152,0.006769323658127033,16.666666075888024,6.880621136371152,3.581703488500196e-08,2.053308853770929e-06
80,10.513195839497458,6.840053847630438,0.01756984854378161,16.66666648651739,6.840053847630438,2.2163408670823183e-08,-1.2705777160194422e-06
81,10.450695942789876,6.763469925596754,0.02837242298407353,16.66666623247012,6.763469925596754,2.684321344012122e-07,-2.6282303188570675e-05
82,10.388199193491188,6.658317243012879,0.03469828234812821,16.666660978631725,6.658317243012879,7.67892222874129e-07,-4.402152172976576e-05
83,10.3257046863497,6.56063566680041,0.02389393061060028,16.66665217814804,6.56063566680041,1.773798785941846e-06,-0.0001016879442199175
84,10.263217390233919,6.498984869089309,0.01309238575785652,16.66663184413558,6.498984869089309,9.540483167315463e-08,-5.469354596393397e-06
85,10.200718294300314,6.473343124504105,0.0022923901821950963,16.66663075030234,6.473343124504105,4.327960406095628e-07,2.4811345974628426e-05
86,10.138215483034626,6.483701330204466,0.00850730606585586,16.666635712523462,6.483701330204466,2.480036725347203e-07,2.0866088818362902e-05
87,10.075713131144639,6.499795712843984,0.0011492652038944092,16.66663988568317,6.499795712843984,1.0079332990382854e-09,3.633097689439719e-07
88,10.01321324858144,6.5007643050151245,0.0005681089849966731,16.66663995834511,6.5007643050151245,1.1813493818057975e-08,1.1902250263479857e-05
89,9.950711973945205,6.49989462577188,4.630065195716611e-05,16.666642338795047,6.49989462577188,8.750143110693845e-11,1.7578177990213903e-06
90,9.888211904448339,6.499997604254494,1.5486527129883072e-05,16.666642690358604,6.499997604254494,8.642042566409961e-12,2.546861680797406e-07
91,9.825712012359755,6.5000142179042815,5.518322931853116e-06,16.666642741295835,6.5000142179042815,2.8937868534040436e-13,3.4637802767638185e-08
92,9.76321214604238,6.500004442838337,3.467250520630252e-07,16.6666427482234,6.500004442838337,1.9498472708647067e-15,6.456803354907615e-09
93,9.700712282965421,6.500003598648396,1.5978964007057457e-07,16.666642749514754,6.500003598648396,3.739054095027887e-15,-1.7253476149476786e-08
94,9.638212422612051,6.500002842432465,2.939405692196192e-07,16.66664274606406,6.500002842432465,1.2887545108148906e-15,7.635870837797358e-09
95,9.57571255934432,6.500002036759847,1.894636953662062e-07,16.66664274759123,6.500002036759847,1.016383155918226e-16,-1.1749716672299114e-09
96,9.513212697047361,6.500001494460687,1.3591626815301833e-07,16.66664274735624,6.500001494460687,1.3277059643128014e-16,-2.3831761621366434e-09
97,9.45071283485237,6.50000109888521,1.0142935650131745e-07,16.666642746879607,6.50000109888521,1.0924492392622312e-16,-2.4917229034476882e-09
98,9.388212972635467,6.500000806021131,7.428934253288393e-08,16.66664274638126,6.500000806021131,4.750314691214413e-16,-1.4841733863806667e-08
99,9.325713111782367,6.500000591411663,5.4476522911272355e-08,16.66664274341291,6.500000591411663,1.0331322806117745e-16,-4.416631927818917e-09
100,9.263213249736976,6.500000433957073,3.99963659960474e-08,16.66664274252958,6.500000433957073,1.7243680101708237e-16,1.0029903371630263e-08
101,9.200713386049879,6.50000031837344,2.9353912706560816e-08,16.666642744535554,6.50000031837344,1.1495573407890993e-17,-9.110489420434843e-10
102,9.138213523534265,6.500000233545244,2.154307749660789e-08,16.666642744353343,6.500000233545244,2.4804434444973762e-17,-2.6787857282319257e-09
103,9.075713661182618,6.500000171288271,1.5811160441635924e-08,16.66664274381758,6.500000171288271,1.938410621156616e-17,-2.852265992904263e-09
104,9.013213798821692,6.500000125596003,1.1604239979023239e-08,16.666642743247127,6.500000125596003,1.392922691221719e-17,-2.7926530194653755e-09
105,8.950713936427002,6.500000092061224,8.516657423126709e-09,16.666642742688598,6.500000092061224,9.857094307489838e-18,-2.6926976737072115e-09
106,8.888214073994956,6.500000067449157,6.2506054790578085e-09,16.666642742150064,6.500000067449157,6.957572032475147e-18,-2.5896645860031984e-09
107,8.825714211525932,6.500000049385692,4.587488727972027e-09,16.666642741632135,6.500000049385692,4.896577576536538e-18,-2.483271192816423e-09
108,8.763214349020247,6.500000036128432,3.3668784200859613e-09,16.66664274113548,6.500000036128432,3.4371951013568876e-18,-2.3751152791750847e-09
109,8.700714486478356,6.500000026398576,2.471043402009443e-09,16.666642740660453,6.500000026398576,3.264364083707096e-18,-3.0734503090468083e-09
110,8.638214623985425,6.50000001925757,1.813565835258181e-09,16.666642740045763,6.50000001925757,2.4295481965193144e-18,-3.1167222703105653e-09
111,8.575714761473966,6.500000014016596,1.3310229030601045e-09,16.666642739422418,6.500000014016596,1.7194832779251072e-18,-3.0055397110304678e-09
112,8.513214898928574,6.500000010170105,9.768755253812848e-10,16.666642738821313,6.500000010170105,1.2049102823904564e-18,-2.869593269114786e-09
113,8.450715036347233,6.500000007347062,7.169536033653839e-10,16.666642738247393,6.500000007347062,8.407838258276814e-19,-2.728385585127756e-09
114,8.3882151737299,6.500000005275153,5.261936768699272e-10,16.66664273770171,6.500000005275153,6.871170140462708e-19,-3.0379921133274774e-09
115,8.325715311122606,6.500000003754522,3.86185756576517e-10,16.66664273709411,6.500000003754522,5.141542636419455e-19,-3.0974855915323445e-09
116,8.263215448500759,6.50000000263849,2.8343318709373045e-10,16.666642736474618,6.50000000263849,3.759863908378755e-19,-3.0861797208504155e-09
117,8.200715585857761,6.500000001819407,2.080178882239491e-10,16.666642735857383,6.500000001819407,2.740235645815449e-19,-3.0648031720310496e-09
118,8.138215723193023,6.500000001218259,1.5267091606233898e-10,16.666642735244427,6.500000001218259,1.9969511176182534e-19,-3.043068232661916e-09
119,8.075715860506905,6.50000000077706,1.1204863675824257e-10,16.66664273463582,6.50000000077706,1.4556240364105167e-19,-3.022494260855103e-09
120,8.013215997799897,6.500000000453252,8.223655678383138e-11,16.666642734031317,6.500000000453252,1.0615379486025496e-19,-3.0030510572975075e-09
121,7.950716135072459,6.5000000002156,6.035484203320399e-11,16.66664273343071,6.5000000002156,7.743332408409194e-20,-2.984872278651799e-09
122,7.888216272325047,6.500000000041183,4.42961305791772e-11,16.66664273283374,6.500000000041183,5.650220499168819e-20,-2.967862901509348e-09
123,7.825716409558101,6.499999999913172,3.251111650855411e-11,16.666642732240167,6.499999999913172,1.904385535071624e-20,-1.3626354560490866e-09
124,7.76321654662205,6.49999999981922,2.3859769482179765e-11,16.666642731967645,6.49999999981922,1.771548534008784e-16,-1.7273276930655947e-05
125,7.700718300469586,6.499999999750269,1.75110400605989e-11,16.66663927731226,6.499999999750269,1.9892215665991262e-17,2.6435364174622967e-06
126,7.6382182203929,6.4999999996996625,1.2852966717671285e-11,16.66663980601955,6.4999999996996625,2.1243702838125817e-18,3.8444611245897376e-07
127,7.575718345999574,6.499999999662519,9.4323594593725e-12,16.666639882908772,6.499999999662519,7.756948865412384e-17,1.9128050327311502e-05
128,7.513216758848817,6.499999999635261,6.922041446323823e-12,16.666643708518837,6.499999999635261,1.276124053509919e-17,-4.290854049247923e-06
129,7.450717276421279,6.499999999615255,5.081024820673625e-12,16.66664285034803,6.499999999615255,2.7606965808949835e-17,-1.263342777706186e-05
130,7.388218547490101,6.499999999600574,3.728310805505871e-12,16.66664032366248,6.499999999600574,1.6261350976720582e-17,1.0156112488344271e-05
131,7.325717799163017,6.499999999589798,2.7371648141534084e-12,16.666642354884974,6.499999999589798,2.5157165542618017e-17,-2.1385820695003018e-05
132,7.26321982868324,6.499999999581888,2.0089755616139773e-12,16.666638077720837,6.499999999581888,1.5968211191733523e-18,-1.8495888024274034e-06
133,7.200720165887514,6.499999999576083,1.4745471992210887e-12,16.66663770780308,6.499999999576083,1.3332113546115666e-17,2.101767465497832e-05
134,7.138218518515981,6.49999999957182,1.0818816438500656e-12,16.666641911338008,6.49999999957182,8.5844249965804e-19,1.838806082312029e-06
135,7.0757185036795365,6.4999999995686935,7.928909842036196e-13,16.666642279099225,6.4999999995686935,4.598844936216354e-20,1.346026083242117e-07
136,7.013218632639211,6.499999999566402,5.813941732960535e-13,16.666642306019742,6.499999999566402,5.706399541996639e-22,2.3135631321694657e-09
137,6.95071877265308,6.499999999564718,4.287116410425585e-13,16.666642306482462,6.499999999564718,1.569050142932343e-22,-8.415081795585611e-10
138,6.888218912912134,6.499999999563482,3.1329006131797643e-13,16.666642306314163,6.499999999563482,2.2539617023154677e-19,1.6893091001089018e-06
139,6.825718912688463,6.499999999562576,2.3069654646601785e-13,16.666642644175983,6.499999999562576,1.5546245040835753e-19,-1.5774213773361834e-06
140,6.7632191799712045,6.4999999995619095,1.6968861159103565e-13,16.66664232869171,6.4999999995619095,1.1760742376208658e-19,1.5914879590185203e-06
141,6.700719190045989,6.499999999561419,1.2394400286713623e-13,16.666642646989306,6.499999999561419,1.0680786030667157e-18,-2.0014254872759483e-05
142,6.638220945685346,6.499999999561062,9.09091574791479e-14,16.666638644138335,6.499999999561062,6.387548748151883e-19,1.67837790228374e-05
143,6.575719771475731,6.4999999995607975,6.7350368836164e-14,16.666642000894132,6.4999999995607975,4.169361863735005e-20,1.4135942419949478e-06
144,6.51321980190308,6.499999999560604,4.90923626084606e-14,16.666642283612976,6.499999999560604,2.0800406103388886e-21,9.825672628944928e-08
145,6.45071993443877,6.499999999560462,3.5987934985925206e-14,16.666642303264315,6.499999999560462,2.7270943301476544e-20,1.6931279713054806e-06
146,6.388219942694975,6.499999999560359,2.6017389635430153e-14,16.66664264188991,6.499999999560359,1.7698215048969255e-20,-1.5725682324128557e-06
147,6.325720201224843,6.499999999560284,1.9050667210845955e-14,16.66664232737627,6.499999999560284,2.3442088948988993e-19,-3.884863390026067e-05
148,6.263223307509212,6.499999999560227,1.531533708747316e-14,16.66663455764949,6.499999999560227,5.024889481423437e-20,6.588399991876398e-06
149,6.20072301330204,6.499999999560185,1.0594109844730902e-14,16.666635875329494,6.499999999560185,5.870630012656881e-21,9.883176800734345e-07
150,6.138223132364817,6.499999999560156,6.917085426643052e-15,16.666636072993033,6.499999999560156,9.566292614816148e-23,1.7288442932161991e-07
151,6.075723310952955,6.499999999560135,6.5745573694420235e-15,16.666636107569918,6.499999999560135,1.5072253124177632e-21,3.3078894808849166e-07
152,6.013223477785933,6.499999999560117,3.753995955429769e-15,16.666636173727714,6.499999999560117,1.9242943419281006e-22,-1.9386008898729823e-07
153,5.950723682399542,6.499999999560103,3.139538995558395e-15,16.6666361349557,6.499999999560103,1.7270611677205027e-14,-3.7970304447065666e-05
154,5.888226601743767,6.499999999090827,2.8156375976996315e-10,16.66662854089481,6.499999999090827,3.2037630508667753e-14,3.243249066388611e-05
155,5.8257245489837475,6.499999999171431,3.299248127574051e-10,16.666635027392946,6.499999999171431,9.265203617766863e-15,1.531743751895e-05
156,5.763223671214859,6.49999999964712,4.4510873973031234e-11,16.666638090880443,6.49999999964712,1.9268148754457013e-16,3.148903405476042e-06
157,5.700723626681931,6.499999999561879,6.632695742297722e-12,16.66663872066113,6.499999999561879,8.476366850185583e-17,5.406549271973806e-06
158,5.6382234238407065,6.499999999555946,3.072359967966565e-12,16.66663980197099,6.499999999555946,2.384291092486497e-17,-4.4596070911946635e-06
159,5.575723888090136,6.499999999560671,2.372067081548506e-13,16.666638910049574,6.499999999560671,1.1048776555999347e-18,4.679804758031672e-06
160,5.513223740718034,6.499999999560124,9.105802292124467e-14,16.66663984601053,6.499999999560124,1.1485862369247231e-18,5.999073021399414e-06
161,5.450723501243867,6.499999999560018,2.7460967728891276e-14,16.666641045825134,6.499999999560018,4.340517113969652e-19,-9.997258390415285e-06
162,5.388224309854243,6.499999999560064,5.846955930022573e-16,16.66663904637345,6.499999999560064,4.096417469638114e-21,4.17673718323337e-06
163,5.325724204595124,6.499999999560064,2.2425777043547526e-17,16.666639881720887,6.499999999560064,2.0672856284090298e-21,9.14885132899157e-07
164,5.26322430549054,6.499999999560066,1.376331591480191e-15,16.66664006469792,6.499999999560066,4.795018225064036e-22,2.1506554471742358e-07
165,5.200724450062008,6.4999999995600675,3.823522279955078e-18,16.66664010771102,6.4999999995600675,6.390535806732486e-23,5.8834528966769596e-08
166,5.138224604245218,6.4999999995600675,6.685544352497898e-16,16.666640119477922,6.4999999995600675,6.6373312917376754e-21,4.757605374283548e-06
167,5.075724466525323,6.4999999995600675,1.9504742187235044e-16,16.666641070998995,6.4999999995600675,1.8879555303365614e-21,7.201441194117103e-07
168,5.01322457224219,6.499999999560069,1.4278117880277086e-15,16.666641215027813,6.499999999560069,6.201377540068832e-08,-0.4485953847373787
169,4.978060697796972,6.499999857703674,8.534367798937677e-08,16.576922138080338,6.499999857703674,2.3432090211790994e-07,-0.7774021779652613
170,4.963800092824434,6.499999880838274,9.936534319187349e-08,16.42144170248729,6.499999880838274,1.613470675802367e-07,-0.8346077779620594
171,4.954733980410327,6.50000001386217,1.794530966875494e-08,16.25452014689488,6.50000001386217,8.876448935208175e-08,-0.8263569532791069
172,4.947037196535393,6.499999851479695,8.246505150518504e-08,16.089248756239062,6.499999851479695,2.458594287350977e-07,-0.8026408702539226
173,4.939755228048424,6.499999879020567,9.966843655925874e-08,15.92872058218828,6.499999879020567,1.5216327518497188e-07,-0.7765963937886935
174,4.93269858103831,6.500000012142092,1.5685715680805627e-08,15.773401303430543,6.500000012142092,2.4956548886592597e-08,-0.7500659095872944
175,4.925783084337606,6.499999993348798,3.714241180218134e-09,15.623388121513084,6.499999993348798,1.2828541606828946e-08,-0.7240984808768718
176,4.918987908037091,6.499999988987687,6.518636515893194e-09,15.47856842533771,6.499999988987687,1.6661018236583395e-08,-0.6989475795364579
177,4.912309009263159,6.499999989919711,7.123506879001249e-09,15.33877890943042,6.499999989919711,8.930674371626613e-09,-0.6747895568669507
178,4.905755434099883,6.50000000021296,3.832495977855016e-10,15.20382099805703,6.50000000021296,7.911426223134069e-09,-0.6515188948392204
179,4.899331604436077,6.49999998871632,7.2109724143938024e-09,15.073517219089187,6.49999998871632,0.008556071111731085,0.490500009849613
180,4.81934905601647,6.485180816119712,0.009799290870395185,15.171615653603263,6.485180816119712,0.008556071114128034,0.4905000099380379
181,4.73911229775002,6.4403338780371655,0.019663091236216616,15.269704621720466,6.4403338780371655,0.008556071113878488,0.490500009928943
182,4.65862915641071,6.364865425074251,0.029592387251239662,15.36777448554906,6.364865425074251,0.008556071113565334,0.49050000991759923
183,4.577907240435172,6.2581685695125735,0.039588190890019075,15.465815416427965,6.2581685695125735,0.008556071108527755,0.49050000973328833
184,4.4969539441791,6.119622761987493,0.04965154862348307,15.563817390615386,6.119622761987493,0.008556071107110942,0.49050000968220075
185,4.41577645198663,5.9485932384804805,0.05978354297907941,15.661770184954904,5.9485932384804805,0.008556071105235707,0.4905000096147035
186,4.334381742174732,5.744430435497641,0.06998529418347445,15.759663372174401,5.744430435497641,0.00855607111104607,0.4905000098269242
187,4.252776590827403,5.506469371119824,0.08025796191593257,15.85748631617382,5.506469371119824,0.008556071109735606,0.4905000097800439
188,4.170967575524594,5.234028989416309,0.09060274715394669,15.955228166854901,5.234028989416309,0.008556071107797696,0.49050000971106983
189,4.088961078847964,4.926411465477308,0.10102089415392983,16.0528778550578,4.926411465477308,0.008556071104750644,0.490500009603598
190,4.006763291810183,4.582901468069094,0.11151369254423067,16.15042408706474,4.582901468069094,0.008556071070907651,0.49050000840820673
191,3.9243802171892557,4.202765376698324,0.12208247954158671,16.247855338707616,4.202765376698324,0.008556071089191385,0.4905000090808318
192,3.8418176724852895,3.785250449430797,0.1327286423793033,16.345159850219726,3.785250449430797,0.008556071062018465,0.49050000830738993
193,3.759081293247448,3.329583937709531,0.14345362075091744,16.44232561877389,3.329583937709531,0.0012248577076567082,0.4905000058339674
194,3.7370165886199054,3.6494257161656884,0.14499917637509574,16.539407087256777,2.8505742838343116,0.008556070538899136,0.49049997881650403
195,3.7151950989248648,4.115499358158775,0.13414489481391345,16.636552591518747,2.3845006418412247,0.002648412641928418,0.1518274465862445
196,3.7084822946477614,4.546510601080308,0.1232649386144144,16.666666776384556,1.9534893989196922,1.275608433200634e-09,7.312771761099183e-08
197,3.708482291416026,4.941096256426345,0.11238980812396686,16.666666790908625,1.558903743573655,1.4555691931274107e-09,8.344445661181344e-08
198,3.708482287723837,5.298991798536557,0.10152801030858459,16.666666807502068,1.2010082014634431,1.929896948942165e-09,-1.106365832553287e-07
199,3.70848229262462,5.6203253851479875,0.09067821927008797,16.66666678547696,0.8796746148520125,4.874348687654435e-09,-2.7943527489341867e-07
200,3.70848230501476,5.905211573424701,0.07983912204616472,16.666666729793175,0.594788426575299,1.6661676554131985e-08,-9.551758536931827e-07
201,3.7084823474039204,6.153751526476439,0.06900941718435673,16.66666653928775,0.3462484735235605,3.4659250546176013e-07,-1.986935656262801e-05
202,3.7084832298341217,6.366033174081834,0.05818781447858475,16.66666257346965,0.1339668259181659,1.4405484004996296e-06,-8.25833489677414e-05
203,3.7084868998106266,6.5421313487938235,0.04737303635556535,16.666646079880294,-0.04213134879382352,1.135114141019932e-06,6.507350104670301e-05
204,3.7084840064825944,6.682108153000352,0.036563801737452224,16.666659083057393,-0.18210815300035232,6.275878106662082e-07,3.597817556916935e-05
205,3.7084824061737525,6.78601281972986,0.02575883304357253,16.666666275164292,-0.2860128197298599,2.8583215729939173e-08,-1.638610485584732e-06
206,3.7084824790793887,6.853881697899458,0.014956869515180748,16.666665947511696,-0.35388169789945767,5.379776793545111e-08,3.084103160046281e-06
207,3.708482341838213,6.885738534401709,0.00415665094611016,16.66666656430116,-0.385738534401709,5.124871078350202e-10,-2.937971556025246e-08
208,3.7084823431456555,6.881594479053103,0.006643082889984773,16.66666655842525,-0.3815944790531032,6.078757239016688e-09,-3.48481276990237e-07
209,3.7084823586524958,6.841448081212397,0.01744359142744742,16.666666488734386,-0.3414480812123961,3.4589405442820255e-08,-1.9829317938586946e-06
210,3.708482446873055,6.76528528964467,0.02824613458202542,16.666666092253436,-0.2652852896446696,1.2456601781423682e-07,-1.1644438951779539e-05
211,3.708482964812536,6.660053739067484,0.03487183946911965,16.66666376452955,-0.16005373906748366,2.0648750432677794e-06,-0.00011837467732786044
212,3.7084882303937463,6.5617932435833985,0.02406744188051764,16.66664009998861,-0.061793243583398993,8.948389087891267e-07,-5.129912549307441e-05
213,3.708490512896417,6.499563953358303,0.013265866467388804,16.66662984200078,0.00043604664169771823,6.451937364681025e-08,3.698757091497219e-06
214,3.7084903483002853,6.473343932590681,0.0024658559458325953,16.66663058172572,0.02665606740931903,7.528424836293534e-07,4.315895592359055e-05
215,3.7084884276598644,6.483123918028095,0.00833384155566009,16.666639213437804,0.016876081971904267,1.5737763730813981e-07,1.4169001899386823e-05
216,3.7084877971207773,6.499443251076631,0.001457695339347457,16.66664204719864,0.0005567489233686551,6.169931307186266e-08,-1.843921319383473e-05
217,3.708488617701117,6.500850019318583,0.0006136331040836097,16.666638359356988,-0.000850019318582973,7.47245194237258e-09,7.06858318918948e-06
218,3.7084883031355043,6.499895234274777,4.076114477577814e-05,16.66663977307354,0.00010476572522311045,3.399486262715702e-10,-9.412985138113159e-06
219,3.7084887220315723,6.499993844570438,1.84051314176954e-05,16.66663789047651,6.155429561172099e-06,3.6178700307480743e-10,9.258525589102553e-06
220,3.708488310009253,6.500014879819464,5.783960913001816e-06,16.66663974218163,-1.4879819463686772e-05,8.027641437648018e-11,-9.28209996212298e-06
221,3.708488723080678,6.500004522720997,4.303085522806286e-07,16.66663788576163,-4.522720996824603e-06,3.97443630942675e-13,-8.359523211199808e-07
222,3.70848876028218,6.500003578874555,1.3600029343955584e-07,16.666637718571167,-3.5788745553766432e-06,1.993368881782944e-14,-7.71513335225154e-08
223,3.7084887637155624,6.500002858977554,2.959386578498796e-07,16.666637703140907,-2.858977553810149e-06,1.23799678255706e-15,-7.321878431028675e-09
224,3.7084887640413995,6.50000204696002,1.9127270892842333e-07,16.666637701676535,-2.0469600201522553e-06,6.791888426000096e-17,-7.653966509663145e-10
225,3.708488764075461,6.500001500935863,1.3634235487671383e-07,16.666637701523456,-1.5009358627082747e-06,7.20679630489667e-18,-1.2945945590493377e-10
226,3.7084887640812223,6.500001103895583,1.0188222715690681e-07,16.666637701497564,-1.1038955829434371e-06,1.3250615379312574e-15,-3.0105719380066256e-08
227,3.7084887654209844,6.500000809697907,7.463668516083856e-08,16.666637695476425,-8.096979073890509e-07,8.767604116113572e-16,2.7254208076523127e-08
228,3.7084887642081186,6.500000594099124,5.472281012664136e-08,16.666637700927268,-5.940991232300519e-07,5.866925575391747e-17,2.49694999511572e-09
229,3.708488764097001,6.500000435931442,4.017796347105408e-08,16.66663770142665,-4.359314420554483e-07,5.152545545466524e-16,-2.9835317066922605e-08
230,3.708488765424731,6.500000319822664,2.9487424655448674e-08,16.666637695459585,-3.1982266390784275e-07,3.459822336406343e-16,2.7295438440332097e-08
231,3.7084887642100317,6.50000023460878,2.1640994082914546e-08,16.66663770091867,-2.3460878040282296e-07,2.3364105952173157e-17,2.511819285078436e-09
232,3.70848876409825,6.500000172068854,1.5883026845030772e-08,16.66663770142104,-1.720688542761195e-07,1.5555887415199024e-18,2.2786086276008807e-10
233,3.7084887640881092,6.500000126168909,1.1656988173795212e-08,16.666637701466612,-1.2616890909811218e-07,5.0386873123380283e-14,1.0056285782550524e-05
234,3.7084883165639124,6.5000000924817005,8.555370659254832e-09,16.666639712723764,-9.248170096398667e-08,3.3640118244891095e-14,-9.148010750921544e-06
235,3.7084887236681086,6.5000000677577585,6.279019343042292e-09,16.66663788312161,-6.775775895917491e-08,2.504890222098468e-14,9.281196419473034e-06
236,3.708488310636895,6.50000004961219,4.6083397203459735e-09,16.66663973936089,-4.96121903559299e-08,2.6875286058066698e-15,1.3568017754945127e-06
237,3.7084882502565977,6.50000003629467,3.3821853175352244e-09,16.66664001072124,-3.629467038024359e-08,1.527415127996784e-14,-1.050672821093537e-05
238,3.708488717826342,6.500000026520581,2.482277477537274e-09,16.666637909375595,-2.6520581730693493e-08,1.0070637164489035e-15,-9.438729542193759e-07
239,3.7084887598305216,6.500000019347116,1.8218094132041126e-09,16.666637720601003,-1.9347116353429783e-08,6.800025729563031e-17,-8.68391579759753e-08
240,3.708488763695031,6.5000000140823175,1.3370755442431568e-09,16.666637703233178,-1.4082317090213792e-08,4.601332080986661e-18,-8.006357813029495e-09
241,3.7084887640513284,6.500000010218338,9.813156434103884e-10,16.666637701631913,-1.0218338619694123e-08,3.115021617514706e-19,-7.385154576772116e-10
242,3.7084887640841946,6.500000007382461,7.20213830048223e-10,16.666637701484206,-7.382460864846507e-09,2.113998359742792e-20,-6.828902250806141e-11
243,3.7084887640872335,6.500000005301134,5.285844199406722e-10,16.66663770147055,-5.301133754187504e-09,1.4573006376816305e-21,-6.414195102789552e-12
244,3.708488764087518,6.500000003773591,3.879423006487902e-10,16.66663770146927,-3.773591661371256e-09,1.148442088777125e-22,-6.887302008004234e-13
245,3.7084887640875497,6.500000002652488,2.8472122364732266e-10,16.666637701469128,-2.6524875629263533e-09,1.2764358975430155e-23,-1.0430076398913746e-13
246,3.708488764087553,6.5000000018296795,2.08964718225692e-10,16.666637701469114,-1.8296790749161573e-09,2.6994286919373825e-18,-3.0054179813235327e-08
247,3.708488765425022,6.500000001225798,1.533646413478093e-10,16.666637695458277,-1.2257976855778452e-09,1.7984652087533615e-18,2.7282551560482184e-08
248,3.708488764210895,6.5000000007825935,1.1255850568557673e-10,16.66663770091479,-7.825931014338039e-10,1.2172079453223305e-19,2.5159291356676274e-09
249,3.70848876409893,6.500000000457312,8.261002555862722e-11,16.666637701417983,-4.5731285425176793e-10,8.235293409968331e-21,2.319242486725553e-10
250,3.708488764088609,6.500000000218581,6.062933503910443e-11,16.666637701464367,-2.1858070908820082e-10,5.576850656685715e-22,2.1400075220462215e-11
251,3.708488764087657,6.50000000004337,4.449756109046857e-11,16.666637701468645,-4.3369752233957115e-11,1.9233348656519e-16,1.0056266845849996e-05
252,3.7084883165643014,6.4999999999147775,3.265824666345426e-11,16.666639712722016,8.522249572706642e-11,1.7934351218604774e-16,1.2775905789404269e-05
253,3.7084877480119016,6.4999999998204,2.3968592977558478e-11,16.66664226790317,1.7960033460440172e-10,2.1455825753147833e-16,-2.0826621895773004e-05
254,3.7084886748367567,6.499999999751133,1.7591321888095977e-11,16.666638102578787,2.488667050215554e-10,1.3772236287913787e-17,-1.8213584195356773e-06
255,3.7084887558907424,6.499999999700297,1.2910550114380115e-11,16.666637738307102,2.997029291407216e-10,9.278449862826855e-19,-1.6721161996172097e-07
256,3.7084887633319834,6.499999999662987,9.475624121323836e-12,16.666637704864783,3.370130841062746e-10,6.277715183591414e-20,-1.5412970601568865e-08
257,3.7084887640178894,6.4999999996356035,6.954329071870566e-12,16.666637701782193,3.643965129640492e-10,4.248682859606021e-21,-1.4212401652964352e-09
258,3.708488764081137,6.499999999615507,5.103802799991646e-12,16.666637701497947,3.844933260666039e-10,2.8743397141249107e-22,-1.310398319937173e-10
259,3.708488764086968,6.499999999600757,3.745979737539346e-12,16.666637701471743,3.992433050825639e-10,1.9499888633533815e-23,-1.2109802608383999e-11
260,3.7084887640875053,6.499999999589932,2.749190179409864e-12,16.666637701469327,4.1006886775107887e-10,1.3510550929835612e-24,-1.1430855719439525e-12
261,3.708488764087556,6.499999999581986,2.0175412713264677e-12,16.6666377014691,4.180136237152965e-10,8.984204338544364e-26,-1.0361949200152903e-13
262,3.708488764087559,6.499999999576156,1.4808227588685274e-12,16.666637701469085,4.2384407095141796e-10,6.398801695770461e-18,1.0056263751980515e-05
263,3.7084883165643427,6.499999999571877,1.0869368584333713e-12,16.66663971272183,4.28123758666743e-10,6.871775674222875e-19,1.470573562395696e-06
264,3.708488251120979,6.499999999568735,7.976753218659857e-13,16.666640006836545,4.312648016480125e-10,3.5994465965242476e-18,-1.0489012590750681e-05
265,3.708488717902345,6.49999999956643,5.852483914915112e-13,16.666637909034023,4.3356962464713433e-10,2.3644955364257955e-19,-9.423233933309187e-07
266,3.7084887598375667,6.499999999564738,4.299213959888621e-13,16.66663772056934,4.3526160453666307e-10,1.6061658060646775e-20,-8.66965286575852e-08
267,3.70848876369573,6.499999999563497,3.1523891478207393e-13,16.666637703230037,4.3650327796740385e-10,1.0821480136686506e-21,-7.992922344254643e-09
268,3.7084887640514297,6.4999999995625855,2.31430141086482e-13,16.66663770163146,4.374145490260162e-10,3.060154245447992e-21,-3.079138696898925e-08
269,3.708488765421705,6.499999999561917,1.6990926964932017e-13,16.666637695473185,4.3808334737605037e-10,2.0712780018826478e-22,-2.830943370796626e-09
270,3.708488765547688,6.499999999561426,1.24617882348017e-13,16.666637694906996,4.385740659529347e-10,1.587440140655544e-21,2.9784622265755347e-08
271,3.7084887642222153,6.499999999561066,9.162550019748729e-14,16.666637700863916,4.3893466639133294e-10,1.0902505216283078e-22,2.7467794611496813e-09
272,3.7084887640999797,6.499999999560801,6.70551738575701e-14,16.666637701413265,4.391993435604036e-10,2.855721255488832e-19,1.005650059080904e-05
273,3.708488316566224,6.499999999560607,4.94768537133097e-14,16.666639712713376,4.3939341054510805e-10,1.970945920501749e-19,-9.14796871657706e-06
274,3.708488723668548,6.499999999560464,3.613984364948532e-14,16.666637883119634,4.395359631814699e-10,1.4385874086776853e-19,9.281201908188676e-06
275,3.708488310637088,6.499999999560359,2.65449431360476e-14,16.666639739360022,4.3964076823499454e-10,1.090565009360126e-19,-9.269428510818567e-06
276,3.7084887231446086,6.499999999560282,1.9261997941144534e-14,16.666637885474316,4.3971715157908875e-10,6.761295752462175e-21,-8.353445708822314e-07
277,3.708488760319065,6.499999999560227,1.4251594528784732e-14,16.666637718405397,4.3977310681952986e-10,6.292935691945479e-22,-1.0695202294343188e-07
278,3.7084887650786382,6.499999999560186,1.0609319776633892e-14,16.66663769701499,4.398144071160459e-10,9.83081110553584e-23,2.0216680320851613e-08
279,3.7084887641789583,6.499999999560155,7.599171281527e-15,16.66663770105832,4.398446051823157e-10,5.351367728563811e-24,1.8643959731091952e-09
280,3.708488764095989,6.499999999560133,5.822385574240585e-15,16.6666377014312,4.398668096428082e-10,4.569168895001476e-25,1.7191893737875542e-10
281,3.708488764088337,6.499999999560116,4.177173430615119e-15,16.66663770146559,4.398836850327825e-10,3.4155811466374056e-26,1.5814359180911855e-11
282,3.708488764087632,6.499999999560105,2.8402041697726234e-15,16.66663770146876,4.398956754414485e-10,9.488557408575349e-21,1.0056266330704276e-05
283,3.7084883165642983,6.499999999560096,2.256124806476262e-15,16.66663971272203,4.3990411313643563e-10,1.0266246174210826e-20,-9.148008198661911e-06
284,3.7084887236683803,6.49999999956009,1.561430770589544e-15,16.666637883120387,4.3991033038537353e-10,6.345728428730487e-22,-8.246562803107397e-07
285,3.708488760367185,6.499999999560085,1.0850909081470309e-15,16.666637718189136,4.3991477127747203e-10,2.6605108610175457e-23,-7.589256760804199e-08
286,3.708488763744552,6.499999999560082,1.3020981380392438e-15,16.666637703010622,4.3991832399115083e-10,7.26797220747366e-24,-6.996994442203712e-09
287,3.7084887640559323,6.499999999560078,6.590993683479814e-16,16.666637701611222,4.399214326156198e-10,1.75974876259266e-25,-6.452400484573129e-10
288,3.7084887640846467,6.499999999560076,4.902739765322963e-16,16.666637701482173,4.399232089724592e-10,2.7402408786420283e-26,-5.944266383099955e-11
289,3.7084887640872934,6.4999999995600755,2.0491016946007145e-16,16.66663770147028,4.3992454124008873e-10,1.4794938697721367e-27,-5.490745512881819e-12
290,3.708488764087537,6.499999999560075,3.7170795006094094e-16,16.666637701469185,4.399258735077183e-10,4.095991636215013e-28,-5.207160521996865e-13
291,3.708488764087559,6.499999999560074,1.1522202270492016e-16,16.666637701469085,4.3992631759692813e-10,6.169799475821558e-29,-7.655417369901302e-14
292,3.708488764087562,6.499999999560073,3.836746287847677e-16,16.66663770146907,4.39926761686138e-10,2.0710555764303155e-29,3.740066524711427e-14
293,3.708488764087559,6.499999999560073,4.0890394500768674e-17,16.666637701469085,4.3992720577534783e-10,8.787448652505824e-21,2.1344303557691127e-05
294,3.7084878142248336,6.499999999560073,2.957431186196399e-16,16.666641970329792,4.3992720577534783e-10,1.1389082476940176e-20,-1.9497974646719607e-05
295,3.708488681922339,6.499999999560073,6.583963689762018e-17,16.666638070734862,4.3992720577534783e-10,1.1225788156093277e-21,-1.6767066999103176e-06
296,3.7084887565390425,6.499999999560073,3.486065619562502e-16,16.666637735393522,4.399276498645577e-10,1.2393918036447726e-22,-1.5398609850045914e-07
297,3.708488763391724,6.499999999560072,1.4962991232712362e-16,16.666637704596297,4.3992809395376753e-10,9.202596451733454e-24,-1.4194310091485184e-08
298,3.708488764023398,6.499999999560072,2.517027464900796e-16,16.666637701757438,4.3992809395376753e-10,3.115497538296559e-25,-1.3088436982036352e-09
299,3.708488764081643,6.499999999560072,1.0435345935793514e-16,16.666637701495674,4.3992809395376753e-10,1.2655213360268258e-26,-1.2073451034777267e-10
300,3.708488764087015,6.499999999560072,1.6923878063658357e-16,16.66663770147153,4.3992809395376753e-10,3.4075378578665514e-28,-1.1150914582978497e-11
301,3.7084887640875115,6.499999999560072,1.881551860612958e-16,16.6666377014693,4.3992809395376753e-10,6.717605335020033e-22,1.0056264038932401e-05
302,3.7084883165642823,6.499999999560072,1.4680416322213573e-16,16.6666397127221,4.3992809395376753e-10,3.8891545950013924e-21,-9.1480085187716e-06
303,3.7084887236683772,6.499999999560072,1.1636626552081254e-16,16.6666378831204,4.3992809395376753e-10,3.9851026848720206e-22,-8.246563136586165e-07
304,3.708488760367185,6.499999999560072,1.8277404741376473e-16,16.666637718189136,4.3992809395376753e-10,2.1996122922323843e-25,-7.589256239530636e-08
305,3.708488763744552,6.499999999560072,1.8456818330756644e-16,16.666637703010622,4.3992809395376753e-10,3.220305731636476e-25,-6.996990499732905e-09
306,3.7084887640559323,6.499999999560072,1.5607806624222012e-16,16.666637701611222,4.3992809395376753e-10,1.9808895910222418e-25,-6.452391592895587e-10
307,3.7084887640846467,6.499999999560072,3.396322221235995e-17,16.666637701482173,4.3992809395376753e-10,1.3114354660346737e-26,-5.944362816106934e-11
308,3.7084887640872934,6.499999999560072,1.026051171443693e-16,16.66663770147028,4.3992809395376753e-10,1.193591502626494e-27,-5.497213646202433e-12
309,3.708488764087537,6.499999999560072,2.3701200193828623e-16,16.666637701469185,4.3992809395376753e-10,2.2576498717483284e-29,-5.088919194894126e-13
310,3.708488764087559,6.499999999560072,2.095495412547378e-16,16.666637701469085,4.3992809395376753e-10,1.4749368646025526e-30,-5.386647074570594e-14
311,3.708488764087562,6.499999999560072,2.264992922069046e-16,16.66663770146907,4.3992809395376753e-10,1.631192167137495e-30,3.755795587728761e-14
312,3.708488764087559,6.499999999560072,1.9961419612547923e-16,16.666637701469085,4.3992809395376753e-10,1.279212605441246e-29,-5.716804254377733e-14
313,3.708488764087562,6.499999999560072,6.10988724374714e-17,16.66663770146907,4.3992809395376753e-10,5.4317639150358714e-30,-2.644142771488639e-14
314,3.708488764087562,6.499999999560072,1.8826293593127228e-16,16.66663770146907,4.3992809395376753e-10,1.1582256274505306e-29,-2.6701283870576853e-14
315,3.708488764087562,6.499999999560072,8.025261280737554e-17,16.66663770146907,4.3992809395376753e-10,1.867485631353313e-29,3.608814364963048e-14
316,3.708488764087559,6.499999999560072,2.400799875008242e-16,16.666637701469085,4.3992809395376753e-10,3.114068221152249e-29,-5.651566454406565e-14
317,3.708488764087562,6.499999999560072,1.0100899924441979e-16,16.66663770146907,4.3992809395376753e-10,1.614980647444903e-29,3.6842314680811394e-14
318,3.708488764087559,6.499999999560072,1.703403771145681e-16,16.666637701469085,4.3992809395376753e-10,7.51863622631917e-31,-5.285599432094945e-14
319,3.708488764087562,6.499999999560072,1.7914586124514976e-16,16.66663770146907,4.3992809395376753e-10,9.614653986577039e-30,-2.2726693573935086e-14
320,3.708488764087562,6.499999999560072,8.27362394789648e-17,16.66663770146907,4.3992809395376753e-10,1.0593832670899507e-29,-2.0288851436574273e-14
321,3.708488764087562,6.499999999560072,2.4048810242324505e-16,16.66663770146907,4.3992809395376753e-10,1.974182498455603e-29,3.7622709852039304e-14
322,3.708488764087559,6.499999999560072,8.43340479771288e-17,16.666637701469085,4.3992809395376753e-10,2.3817469067621985e-29,-4.709684790597801e-14
323,3.708488764087562,6.499999999560072,2.287148513470264e-16,16.66663770146907,4.3992809395376753e-10,3.5983029770635933e-31,-2.2305426819815843e-14
324,3.708488764087562,6.499999999560072,2.1872875842027876e-16,16.66663770146907,4.3992809395376753e-10,8.828090702353943e-30,-2.202560779162449e-14
325,3.708488764087562,6.499999999560072,2.9382972209562274e-17,16.66663770146907,4.3992809395376753e-10,1.3413168483376197e-29,3.709799665813779e-14
326,3.708488764087559,6.499999999560072,1.9443210282184963e-16,16.666637701469085,4.3992809395376753e-10,5.554660336588095e-30,-7.671547587722455e-14
327,3.708488764087562,6.499999999560072,1.4961095884669069e-16,16.66663770146907,4.3992809395376753e-10,8.473795992845716e-30,-2.227716980069544e-14
328,3.708488764087562,6.499999999560072,8.585406290170381e-17,16.66663770146907,4.3992809395376753e-10,1.0129698598717747e-29,-1.9327801078355966e-14
329,3.708488764087562,6.499999999560072,2.385770446933646e-16,16.66663770146907,4.3992809395376753e-10,1.1603001152403904e-29,-2.224514517902565e-14
330,3.708488764087562,6.499999999560072,8.430470938820357e-17,16.66663770146907,4.3992809395376753e-10,9.82185516565853e-30,-1.9585095806413932e-14
331,3.708488764087562,6.499999999560072,2.2613426378956124e-16,16.66663770146907,4.3992809395376753e-10,4.8582862117507245e-31,-2.24703610753052e-14
332,3.708488764087562,6.499999999560072,2.1275040153546772e-16,16.66663770146907,4.3992809395376753e-10,1.0491186639852012e-29,-2.2393342063477262e-14
333,3.708488764087562,6.499999999560072,7.726035893823055e-17,16.66663770146907,4.3992809395376753e-10,1.8592338687197428e-29,3.662848290734294e-14
334,3.708488764087559,6.499999999560072,2.3695217409764325e-16,16.666637701469085,4.3992809395376753e-10,9.294482550302087e-31,-5.669182029204023e-14
335,3.708488764087562,6.499999999560072,2.471009398285562e-16,16.66663770146907,4.3992809395376753e-10,1.240806118963439e-30,-2.1445586734399058e-14
336,3.708488764087562,6.499999999560072,2.1128516040003843e-16,16.66663770146907,4.3992809395376753e-10,1.720989747589263e-30,-2.2933193430212107e-14
337,3.708488764087562,6.499999999560072,1.648312624049024e-16,16.66663770146907,4.3992809395376753e-10,3.5549623551499225e-30,3.295616817639013e-14
338,3.708488764087562,6.499999999560072,2.3160515722877913e-16,16.66663770146907,4.3992809395376753e-10,1.0134257770069297e-30,-2.6639674082125364e-14
339,3.708488764087562,6.499999999560072,2.0805621239412778e-16,16.66663770146907,4.3992809395376753e-10,9.12652109051053e-30,-2.355843927055734e-14
340,3.708488764087562,6.499999999560072,3.175371596490167e-17,16.66663770146907,4.3992809395376753e-10,4.9138863037641096e-30,-2.2981467531942024e-14
341,3.708488764087562,6.499999999560072,1.0060597928996963e-16,16.66663770146907,4.3992809395376753e-10,1.1051435998101029e-29,3.558184834013406e-14
342,3.708488764087559,6.499999999560072,9.165830765643207e-17,16.666637701469085,4.3992809395376753e-10,1.574577159495368e-23,-3.0054161138760925e-08
343,3.7084887654250287,6.499999999560072,2.3265722539545664e-16,16.66663769545825,4.3992809395376753e-10,1.3051537124031029e-23,2.728257178444412e-08
344,3.7084887642109012,6.499999999560072,6.347438565822424e-17,16.666637700914762,4.3992809395376753e-10,1.1871982125999535e-24,2.5159535625663906e-09
345,3.708488764098936,6.499999999560072,2.2862391208162174e-16,16.666637701417955,4.3992809395376753e-10,9.837532818134559e-27,2.3203371042862086e-10
346,3.708488764088609,6.499999999560072,2.0237909668689066e-16,16.666637701464367,4.3992809395376753e-10,8.430505655005808e-25,-3.00327373729505e-08
347,3.7084887654251233,6.499999999560072,2.197557892962046e-16,16.666637695457823,4.3992809395376753e-10,3.500765820774041e-24,2.728449254449036e-08
348,3.708488764210911,6.499999999560072,1.4033108764043894e-16,16.66663770091472,4.3992809395376753e-10,1.604387966169065e-25,2.516197894613932e-09
349,3.708488764098936,6.499999999560072,1.7980162274513013e-16,16.666637701417955,4.3992809395376753e-10,3.984889934487982e-26,2.3203476794586737e-10
350,3.708488764088609,6.499999999560072,7.349221977974081e-17,16.666637701464367,4.3992809395376753e-10,5.288279642759219e-27,2.1330970003579156e-11
351,3.7084887640876603,6.499999999560072,2.2695823631661123e-16,16.66663770146863,4.3992809395376753e-10,1.0603600688549576e-27,2.0348342829505997e-12
352,3.708488764087569,6.499999999560072,9.561826825588071e-17,16.666637701469043,4.3992809395376753e-10,8.442436859312906e-29,1.632323697866797e-13
353,3.708488764087562,6.499999999560072,2.2454385282277634e-16,16.66663770146907,4.3992809395376753e-10,6.52592124976507e-31,-2.2252151835565337e-14
354,3.708488764087562,6.499999999560072,2.0638960636455509e-16,16.66663770146907,4.3992809395376753e-10,8.784289683486734e-30,-2.2950947240786557e-14
355,3.708488764087562,6.499999999560072,3.053733484653134e-17,16.66663770146907,4.3992809395376753e-10,7.888574615359206e-30,3.662696502430146e-14
356,3.708488764087559,6.499999999560072,1.0278595356169308e-16,16.666637701469085,4.3992809395376753e-10,1.0794849887370369e-26,-3.005418374655818e-08
357,3.7084887654250287,6.499999999560072,1.0300829483222397e-16,16.66663769545825,4.3992809395376753e-10,4.065620618481034e-24,2.7282571742106025e-08
358,3.7084887642109012,6.499999999560072,1.952548075694417e-16,16.666637700914762,4.3992809395376753e-10,7.857305422562685e-27,2.5159975622281606e-09
359,3.708488764098933,6.499999999560072,1.9718798551536813e-16,16.66663770141797,4.3992809395376753e-10,1.044763161539283e-25,2.3194514675074513e-10
360,3.708488764088612,6.499999999560072,8.164296175965286e-17,16.666637701464353,4.3992809395376753e-10,1.0329977985299614e-26,2.1432416605349225e-11
361,3.708488764087657,6.499999999560072,2.1671433691723786e-16,16.666637701468645,4.3992809395376753e-10,5.585275634419332e-22,1.0056265651605761e-05
362,3.708488316564355,6.499999999560072,1.8233351045212094e-16,16.666639712721775,4.3992809395376753e-10,3.840020278831763e-21,-9.148007008419142e-06
363,3.708488723668384,6.499999999560072,7.751215145835479e-17,16.666637883120373,4.3992809395376753e-10,4.317684037268571e-22,-8.2465618107156e-07
364,3.708488760367185,6.499999999560072,2.4659331428654683e-16,16.666637718189136,4.3992809395376753e-10,6.424552546937546e-24,-7.589256169771713e-08
365,3.708488763744552,6.499999999560072,1.9419080465914746e-16,16.666637703010622,4.3992809395376753e-10,3.582997203766439e-25,-6.99699087043518e-09
366,3.7084887640559323,6.499999999560072,2.258896596371238e-16,16.666637701611222,4.3992809395376753e-10,6.868404953781718e-22,1.0055657314501397e-05
367,3.708488316559704,6.499999999560072,1.8360782072434445e-16,16.66663971274268,4.3992809395376753e-10,3.2612001033635684e-21,-9.148102327947766e-06
368,3.7084887236679727,6.499999999560072,3.70680633319944e-17,16.66663788312222,4.3992809395376753e-10,3.393115271486541e-22,-8.246645879969301e-07
369,3.7084887603671475,6.499999999560072,2.176323697907372e-16,16.666637718189307,4.3992809395376753e-10,5.009182085468505e-25,-7.589333440829375e-08
370,3.708488763744549,6.499999999560072,2.217181179880274e-16,16.666637703010636,4.3992809395376753e-10,1.9943221010471148e-25,-6.997062027545332e-09
371,3.7084887640559323,6.499999999560072,2.0407448597599882e-16,16.666637701611222,4.3992809395376753e-10,3.200491801535717e-26,-6.452339643755068e-10
372,3.7084887640846467,6.499999999560072,1.733695700957494e-16,16.666637701482173,4.3992809395376753e-10,1.4945808311296397e-27,-5.944904357473805e-11
373,3.7084887640872934,6.499999999560072,1.8893219853912046e-16,16.66663770147028,4.3992809395376753e-10,2.5401283723291743e-28,-5.500989326058005e-12
374,3.708488764087537,6.499999999560072,2.1751621650354485e-16,16.666637701469185,4.3992809395376753e-10,2.5706204565348574e-21,1.0056262006765459e-05
375,3.7084883165643965,6.499999999560072,5.927856872828115e-17,16.66663971272159,4.3992809395376753e-10,2.453393538697536e-21,-9.148006164050798e-06
376,3.708488723668387,6.499999999560072,2.25294287537399e-16,16.66663788312036,4.3992809395376753e-10,1.2253946648181967e-23,-8.246561518935247e-07
377,3.7084887603671883,6.499999999560072,2.1609590434895006e-16,16.666637718189122,4.3992809395376753e-10,4.350340904577231e-24,-7.589244875428973e-08
378,3.708488763744549,6.499999999560072,1.8061185799194076e-16,16.666637703010636,4.3992809395376753e-10,4.1864969305934825e-25,-6.997054588441204e-09
379,3.7084887640559323,6.499999999560072,2.176495510284073e-16,16.666637701611222,4.3992809395376753e-10,5.39808298596079e-26,-6.451911650475145e-10
380,3.7084887640846436,6.499999999560072,1.658579235858459e-16,16.666637701482188,4.3992809395376753e-10,1.1466559884760634e-23,-3.011363940753377e-08
381,3.7084887654247596,6.499999999560072,6.985224078764986e-17,16.666637695459457,4.3992809395376753e-10,1.0736190713943115e-23,2.7277058419275524e-08
382,3.708488764210879,6.499999999560072,1.7379477507267518e-16,16.666637700914862,4.3992809395376753e-10,1.0327911188390374e-21,9.960203186920949e-06
383,3.7084883209625423,6.499999999560072,1.0960693889354332e-16,16.6666396929555,4.3992809395376753e-10,1.652435303736809e-21,-9.057913524943752e-06
384,3.7084887240572373,6.499999999560072,2.2253574480667597e-16,16.666637881372793,4.3992809395376753e-10,4.158684595046097e-22,-8.167211383883845e-07
385,3.7084887604029135,6.499999999560072,9.266744440980373e-17,16.666637718028568,4.3992809395376753e-10,3.513774115919308e-23,-7.516369403640923e-08
386,3.708488763747844,6.499999999560072,1.9671630311950316e-16,16.66663770299583,4.3992809395376753e-10,4.3539919974465954e-26,-6.929875970941102e-09
387,3.7084887640562356,6.499999999560072,2.0060559536461025e-16,16.666637701609858,4.3992809395376753e-10,5.608456359078186e-27,-6.390407312882205e-10
388,3.708488764084675,6.499999999560072,1.9517280161695422e-16,16.666637701482045,4.3992809395376753e-10,2.4966353662104285e-26,-5.886417735352905e-11
389,3.7084887640872934,6.499999999560072,6.73774580923943e-17,16.66663770147028,4.3992809395376753e-10,2.568640010492341e-27,-5.4967118096743706e-12
390,3.708488764087537,6.499999999560072,2.218960672733668e-16,16.666637701469185,4.3992809395376753e-10,9.669068694680525e-22,1.0056262922252736e-05
391,3.708488316564355,6.499999999560072,1.6237695221897044e-16,16.666639712721775,4.3992809395376753e-10,3.515458324902754e-21,-9.148007003922413e-06
392,3.708488723668384,6.499999999560072,7.55063216891492e-17,16.666637883120373,4.3992809395376753e-10,3.402631018099153e-22,-8.246561826022502e-07
393,3.708488760367185,6.499999999560072,1.7991100373648328e-16,16.666637718189136,4.3992809395376753e-10,9.258359751046065e-24,-1.0597004982976915e-07
394,3.7084887650830587,6.499999999560072,2.339938234953849e-16,16.666637696995124,4.3992809395376753e-10,7.281896468671623e-25,2.0306837834969255e-08
395,3.708488764179366,6.499999999560072,2.1179598883567438e-16,16.666637701056487,4.3992809395376753e-10,4.16340388323785e-25,1.8726744057632073e-09
396,3.708488764096027,6.499999999560072,7.417182892049463e-17,16.66663770143103,4.3992809395376753e-10,1.2732374280857854e-26,1.7267927681556636e-10
397,3.7084887640883433,6.499999999560072,1.1981518695503048e-16,16.66663770146556,4.3992809395376753e-10,1.3938321075577884e-27,1.5939077464030386e-11
398,3.708488764087635,6.499999999560072,1.7394738924958374e-16,16.666637701468744,4.3992809395376753e-10,8.907212872765074e-30,1.4967668624703626e-12
399,3.708488764087569,6.499999999560072,1.7026358889802482e-16,16.666637701469043,4.3992809395376753e-10,5.525051553958225e-29,1.5846952385305951e-13
400,3.708488764087562,6.499999999560072,4.556004205202433e-17,16.66663770146907,4.3992809395376753e-10,4.997332211129025e-30,-2.151249556096857e-14
401,3.708488764087562,6.499999999560072,9.823894954965012e-17,16.66663770146907,4.3992809395376753e-10,8.411309135222496e-31,-2.1913528392043802e-14
402,3.708488764087562,6.499999999560072,1.2199967503145272e-16,16.66663770146907,4.3992809395376753e-10,2.838462407698999e-30,3.612832689264822e-14
403,3.708488764087559,6.499999999560072,1.7063409156440338e-16,16.666637701469085,4.3992809395376753e-10,1.1094724322205294e-30,-5.588883305804315e-14
404,3.708488764087562,6.499999999560072,1.8292262022428126e-16,16.66663770146907,4.3992809395376753e-10,6.278655530779952e-31,3.4163481505561366e-14
405,3.708488764087562,6.499999999560072,1.7154600819730107e-16,16.66663770146907,4.3992809395376753e-10,1.1220125154382735e-29,3.4112944131796386e-14
406,3.708488764087562,6.499999999560072,3.2058275601111245e-17,16.66663770146907,4.3992809395376753e-10,7.909968317140618e-30,3.623812946766669e-14
407,3.708488764087559,6.499999999560072,1.030610237794398e-16,16.666637701469085,4.3992809395376753e-10,1.2298796807103056e-21,1.0056264967087293e-05
408,3.708488316564289,6.499999999560072,1.7876773106017005e-16,16.666639712722073,4.3992809395376753e-10,5.090969596980763e-22,1.4705750868008506e-06
409,3.7084882511208592,6.499999999560072,3.553207026161869e-17,16.666640006837085,4.3992809395376753e-10,4.108061220429074e-21,-1.0489015048446322e-05
410,3.7084887179023323,6.499999999560072,2.069114851488209e-16,16.66663790903408,4.3992809395376753e-10,4.311081946310873e-22,-9.423236324100881e-07
411,3.7084887598375635,6.499999999560072,7.62894031073009e-17,16.666637720569355,4.3992809395376753e-10,3.5389366814038553e-23,-8.669659187016327e-08
412,3.70848876369573,6.499999999560072,1.7639543304515675e-16,16.666637703230037,4.3992809395376753e-10,3.7627674792928954e-24,-7.99290031745423e-09
413,3.7084887640514297,6.499999999560072,1.1501922854105223e-16,16.66663770163146,4.3992809395376753e-10,5.218949749726272e-21,1.0055570572119728e-05
414,3.708488316559059,6.499999999560072,2.062616185189538e-16,16.666639712745578,4.3992809395376753e-10,3.319592653022867e-21,-9.148115541767588e-06
415,3.708488723667916,6.499999999560072,1.8365194332440787e-17,16.666637883122476,4.3992809395376753e-10,2.8192443018641918e-21,9.281187274857007e-06
416,3.708488310637107,6.499999999560072,1.6966933930582935e-16,16.666639739359937,4.3992809395376753e-10,3.669953253698497e-21,-9.26942814813642e-06
417,3.7084887231446118,6.499999999560072,7.541526574679147e-17,16.6666378854743,4.3992809395376753e-10,2.3246670838498877e-22,-8.353445456868772e-07
418,3.708488760319065,6.499999999560072,9.685230939350097e-17,16.666637718405397,4.3992809395376753e-10,1.6939379749595662e-21,9.984004554621401e-06
419,3.708488316011524,6.499999999560072,2.0187936083955605e-16,16.6666397152063,4.3992809395376753e-10,7.236461475089123e-23,3.059277045042329e-06
420,3.70848817986779,6.499999999560072,2.1652188400426668e-16,16.666640327061714,4.3992809395376753e-10,5.204136841148759e-21,-1.1950025902936337e-05
421,3.708488711667064,6.499999999560072,5.305851467889248e-17,16.666637937056535,4.3992809395376753e-10,3.4853061798139997e-22,-1.0695733992312803e-06
422,3.708488759265156,6.499999999560072,1.4865674765088358e-16,16.66663772314186,4.3992809395376753e-10,5.970340434874831e-24,-9.837346798807344e-08
423,3.708488763642965,6.499999999560072,1.862257382869425e-16,16.666637703467174,4.3992809395376753e-10,3.6344746701837724e-25,-9.06925167295158e-09
424,3.708488764046563,6.499999999560072,2.1103298727619854e-16,16.66663770165333,4.3992809395376753e-10,1.3596002825961355e-23,-3.0890686135846596e-08
425,3.7084887654212593,6.499999999560072,6.142033261468119e-17,16.66663769547519,4.3992809395376753e-10,1.2004647114574607e-23,2.7205646239449304e-08
426,3.7084887642105566,6.499999999560072,2.1172813253794493e-16,16.66663770091631,4.3992809395376753e-10,1.198763885254126e-24,2.5089785169032713e-09
427,3.7084887640989015,6.499999999560072,8.40357379090654e-17,16.66663770141811,4.3992809395376753e-10,9.643158268494791e-26,2.3133929212375282e-10
428,3.7084887640886057,6.499999999560072,1.7399907637023994e-16,16.66663770146438,4.3992809395376753e-10,1.5877554354772416e-28,2.1314295028376437e-11
429,3.708488764087657,6.499999999560072,1.7861035164057528e-16,16.666637701468645,4.3992809395376753e-10,1.1154368649834695e-21,9.957840427129975e-06
430,3.7084883209444683,6.499999999560072,2.4795105939791614e-16,16.66663969303673,4.3992809395376753e-10,4.886349626648147e-21,-9.058283780989952e-06
431,3.7084887240556403,6.499999999560072,8.597249708017363e-17,16.66663788137997,4.3992809395376753e-10,2.6344634850937665e-22,-8.470583135896618e-07
432,3.7084887617513806,6.499999999560072,1.0655257275859716e-16,16.666637711968306,4.3992809395376753e-10,2.8868344593330487e-24,-4.7655795229855345e-08
433,3.7084887638721566,6.499999999560072,6.9054014284282e-17,16.666637702437143,4.3992809395376753e-10,3.652279607816563e-25,-4.393990261580632e-09
434,3.7084887640676985,6.499999999560072,1.205073270253261e-16,16.666637701558344,4.3992809395376753e-10,1.1075565047302182e-25,-4.052239590293617e-10
435,3.7084887640857316,6.499999999560072,4.868442580645703e-17,16.6666377014773,4.3992809395376753e-10,1.3690250238042445e-26,-3.7339495455009433e-11
436,3.7084887640873947,6.499999999560072,1.782766357716715e-16,16.666637701469824,4.3992809395376753e-10,8.69285193054734e-28,-3.4343369212938915e-12
437,3.7084887640875466,6.499999999560072,2.1591500714967365e-17,16.666637701469142,4.3992809395376753e-10,9.38209737051252e-29,-3.189821182799507e-13
438,3.708488764087559,6.499999999560072,2.036630178714105e-16,16.666637701469085,4.3992809395376753e-10,2.344717422898782e-30,-5.293659119994659e-14
439,3.708488764087562,6.499999999560072,2.310814711356127e-16,16.66663770146907,4.3992809395376753e-10,8.847969111444027e-31,-2.2351898435434003e-14
440,3.708488764087562,6.499999999560072,2.0657743662725568e-16,16.66663770146907,4.3992809395376753e-10,8.612580171722919e-30,-2.2377919287573655e-14
441,3.708488764087562,6.499999999560072,3.16665718423376e-17,16.66663770146907,4.3992809395376753e-10,3.6891047061871076e-21,1.0056263820189571e-05
442,3.7084883165643427,6.499999999560072,1.9542068421384598e-16,16.66663971272183,4.3992809395376753e-10,3.7980387469325675e-21,-9.14800729344535e-06
443,3.708488723668384,6.499999999560072,6.158417246608243e-17,16.666637883120373,4.3992809395376753e-10,3.2967033036838487e-22,-8.24656182186689e-07
444,3.708488760367185,6.499999999560072,1.858817256857216e-16,16.666637718189136,4.3992809395376753e-10,7.019893934052663e-24,-7.589256525415776e-08
445,3.708488763744552,6.499999999560072,2.4314019458864755e-16,16.666637703010622,4.3992809395376753e-10,4.464100103241666e-21,1.0049685341795452e-05
446,3.7084883165140883,6.499999999560072,3.183270908580959e-17,16.666639712947685,4.3992809395376753e-10,2.5015449583846702e-21,-9.149036721556802e-06
447,3.7084887236639412,6.499999999560072,1.3742224267034134e-16,16.66663788314034,4.3992809395376753e-10,1.1809679032409456e-22,-8.247468383089737e-07
448,3.7084887603667775,6.499999999560072,2.260614473310218e-16,16.66663771819097,4.3992809395376753e-10,3.272195822502662e-23,-7.590082713623521e-08
449,3.708488763744511,6.499999999560072,4.08094343096176e-17,16.666637703010807,4.3992809395376753e-10,3.036013284329799e-24,-6.997811458824086e-09
450,3.708488764055926,6.499999999560072,2.2775583133199173e-16,16.66663770161125,4.3992809395376753e-10,1.6526020453424274e-26,-6.453480100299374e-10
451,3.7084887640846436,6.499999999560072,2.119038802422876e-16,16.666637701482188,4.3992809395376753e-10,6.380294771149524e-22,1.005620905404125e-05
452,3.708488316563862,6.499999999560072,1.7262899816572905e-16,16.666639712723992,4.3992809395376753e-10,1.0955934585739694e-22,1.4705668696152652e-06
453,3.7084882511207957,6.499999999560072,2.187472803427918e-16,16.66664000683737,4.3992809395376753e-10,5.090513639362742e-21,-1.0489016336099425e-05
454,3.708488717902326,6.499999999560072,8.167717972775873e-17,16.666637909034108,4.3992809395376753e-10,2.563175744172254e-22,-9.423237877630457e-07
455,3.7084887598375635,6.499999999560072,8.670132406184073e-17,16.666637720569355,4.3992809395376753e-10,2.0043591235993075e-23,-8.669659108179921e-08
456,3.70848876369573,6.499999999560072,2.298152610826049e-16,16.666637703230037,4.3992809395376753e-10,5.4132939408421605e-25,-7.992889845877282e-09
457,3.7084887640514297,6.499999999560072,1.8789092487961782e-16,16.66663770163146,4.3992809395376753e-10,1.9105157317618148e-26,-7.370717337390692e-10
458,3.7084887640842292,6.499999999560072,2.039362778226389e-16,16.66663770148405,4.3992809395376753e-10,2.596279558612164e-27,-6.800246416048105e-11
459,3.7084887640872557,6.499999999560072,1.8030238744747558e-16,16.66663770147045,4.3992809395376753e-10,8.312229929042062e-29,-6.230746699294708e-12
460,3.7084887640875337,6.499999999560072,1.885605963519303e-16,16.6666377014692,4.3992809395376753e-10,1.8381241653046858e-29,-6.028240515272565e-13
461,3.708488764087559,6.499999999560072,1.696853474998889e-16,16.666637701469085,4.3992809395376753e-10,5.305878509320177e-30,-5.6825421104744755e-14
462,3.708488764087562,6.499999999560072,2.274847104515217e-16,16.66663770146907,4.3992809395376753e-10,5.686502883561543e-31,3.4856246036198135e-14
463,3.708488764087562,6.499999999560072,2.1738583388139255e-16,16.66663770146907,4.3992809395376753e-10,1.8378039659811236e-30,-2.2326934680412525e-14
464,3.708488764087562,6.499999999560072,1.6643180891321043e-16,16.66663770146907,4.3992809395376753e-10,3.950083513909337e-30,3.73889965212329e-14
465,3.708488764087559,6.499999999560072,2.3183077482958437e-16,16.666637701469085,4.3992809395376753e-10,7.772039385410764e-31,-4.993043738882319e-14
466,3.708488764087562,6.499999999560072,2.2219519097511325e-16,16.66663770146907,4.3992809395376753e-10,3.8579994952498526e-31,-2.1798467436488778e-14
467,3.708488764087562,6.499999999560072,2.1123937778765534e-16,16.66663770146907,4.3992809395376753e-10,1.4059812473291623e-29,3.6307138935945393e-14
468,3.708488764087559,6.499999999560072,2.8476010509759575e-17,16.666637701469085,4.3992809395376753e-10,2.3852016248222275e-29,-5.785489817257405e-14
469,3.708488764087562,6.499999999560072,2.267314558324908e-16,16.66663770146907,4.3992809395376753e-10,7.026031550663831e-31,-2.252011240249513e-14
470,3.708488764087562,6.499999999560072,2.0741853524160847e-16,16.66663770146907,4.3992809395376753e-10,8.783033237676129e-30,-2.273295484148119e-14
471,3.708488764087562,6.499999999560072,3.1746148531327105e-17,16.66663770146907,4.3992809395376753e-10,3.813731049006881e-21,1.0056262526142047e-05
472,3.7084883165643996,6.499999999560072,2.0301266144408407e-16,16.666639712721576,4.3992809395376753e-10,5.987983759035487e-22,1.277590765408351e-05
473,3.7084877480119176,6.499999999560072,2.320259761238884e-16,16.6666422679031,4.3992809395376753e-10,8.470221758414023e-21,-2.0826621549796908e-05
474,3.7084886748367567,6.499999999560072,1.9732692407826076e-17,16.666638102578787,4.3992809395376753e-10,2.0267784765788964e-22,-1.8213584076401634e-06
475,3.7084887558907424,6.499999999560072,4.915145500569775e-17,16.666637738307102,4.3992809395376753e-10,1.0508233733557922e-23,-1.672116336474017e-07
476,3.7084887633319865,6.499999999560072,8.805342976645094e-17,16.66663770486477,4.3992809395376753e-10,2.9370031378341916e-24,-1.541288038305966e-08
477,3.7084887640178894,6.499999999560072,2.990500893584123e-17,16.666637701782193,4.3992809395376753e-10,5.937851305500384e-25,-1.4212224179368637e-09
478,3.708488764081137,6.499999999560072,2.2872307453748734e-16,16.666637701497947,4.3992809395376753e-10,8.861673475454519e-27,-1.3105906431724185e-10
479,3.708488764086968,6.499999999560072,1.8686713513501955e-16,16.666637701471743,4.3992809395376753e-10,5.30759193546549e-22,1.0056251095780168e-05
480,3.7084883165643143,6.499999999560072,2.1953869395379233e-16,16.66663971272196,4.3992809395376753e-10,3.401931838970972e-21,-9.148007864125978e-06
481,3.7084887236683803,6.499999999560072,1.0662472601824929e-17,16.666637883120387,4.3992809395376753e-10,3.174413572915835e-22,-8.246562796385885e-07
482,3.708488760367185,6.499999999560072,2.2762376086583505e-16,16.666637718189136,4.3992809395376753e-10,6.29230996970911e-24,-7.589255677909845e-08
483,3.708488763744552,6.499999999560072,1.7629989780652824e-16,16.666637703010622,4.3992809395376753e-10,1.2984128767392046e-25,-6.996995454536833e-09
484,3.7084887640559323,6.499999999560072,1.8778697752657768e-16,16.666637701611222,4.3992809395376753e-10,2.7280465466296483e-27,-6.452345502783608e-10
485,3.7084887640846467,6.499999999560072,1.8516974339932621e-16,16.666637701482173,4.3992809395376753e-10,2.6077519762733655e-27,-5.944763392217844e-11
486,3.7084887640872934,6.499999999560072,1.5801534895646701e-16,16.66663770147028,4.3992809395376753e-10,4.771463754588676e-28,-5.496856591321979e-12
487,3.708488764087537,6.499999999560072,2.11748911511061e-16,16.666637701469185,4.3992809395376753e-10,7.247385963950266e-30,-5.357330789927672e-13
488,3.708488764087562,6.499999999560072,2.201230731740057e-16,16.66663770146907,4.3992809395376753e-10,1.1218606586542181e-29,-2.3468694435729853e-14
489,3.708488764087562,6.499999999560072,7.57860812651192e-17,16.66663770146907,4.3992809395376753e-10,7.67136582116324e-30,3.612415271428415e-14
490,3.708488764087559,6.499999999560072,5.567083388505444e-17,16.666637701469085,4.3992809395376753e-10,8.529060636601825e-30,-4.884497483131217e-14
491,3.708488764087562,6.499999999560072,1.637618811955243e-16,16.66663770146907,4.3992809395376753e-10,2.5155650138286074e-30,-2.32361059646774e-14
492,3.708488764087562,6.499999999560072,2.307782065086164e-16,16.66663770146907,4.3992809395376753e-10,8.473926150608067e-31,-2.2455426190379213e-14
493,3.708488764087562,6.499999999560072,2.0741826313416707e-16,16.66663770146907,4.3992809395376753e-10,1.2966340327131448e-29,3.3629511935612255e-14
494,3.708488764087562,6.499999999560072,3.1255821067687763e-17,16.66663770146907,4.3992809395376753e-10,3.1937024712917574e-21,1.0056262474528169e-05
495,3.7084883165644027,6.499999999560072,1.653363837285369e-16,16.66663971272156,4.3992809395376753e-10,3.9085112792716064e-21,-9.14800603660622e-06
496,3.708488723668387,6.499999999560072,9.914394048639803e-17,16.66663788312036,4.3992809395376753e-10,4.594919139197669e-22,-8.549631182062158e-07
497,3.7084887617159055,6.499999999560072,2.3354541697600023e-16,16.666637712127738,4.3992809395376753e-10,2.1574635753736002e-23,-4.8379493954880015e-08
498,3.7084887638688873,6.499999999560072,4.2506370731248446e-17,16.666637702451837,4.3992809395376753e-10,1.938803736574104e-24,-4.4606925995831215e-09
499,3.708488764067398,6.499999999560072,2.26547946658266e-16,16.666637701559694,4.3992809395376753e-10,1.7004785271360012e-25,-4.1134203545244424e-10
